review,sentiment
"Fantastic item, my whole family enjoys using it.",1
"Terrible customer service, they refused to help me.",0
Does not work as advertised. I want a refund.,0
"Doesn't fit as described, sizing is completely off.",0
"Amazing value, performs better than products twice the price.",1
Stopped working after two days. No durability at all.,0
Worst purchase ever. Complete waste of money.,0
"Terrible quality, broke after one day of use.",0
"Save your money, this product is absolute garbage.",0
A must-have product. I've already recommended it to friends.,1
"The quality is top-notch, better than expected.",1
"Wonderful experience, will definitely buy again.",1
Misleading description. The actual product is nothing like the photos.,0
Loved the packaging and the product works perfectly.,1
The customer service was excellent and very helpful.,1
I'm really impressed with the quality of this item.,1
Not worth even half the price. Total disappointment.,0
Waited three weeks for delivery and got the wrong item.,0
This is a scam. The product is nothing like advertised.,0
Excellent build quality and beautiful design.,1
Five stars! This is exactly what I was looking for.,1
This exceeded all my expectations. Truly remarkable.,1
Quick delivery and the item is in perfect condition.,1
The product stopped working after just one week.,0
Extremely slow shipping and the product is defective.,0
"This product is absolutely amazing, I love it!",1
Packaging was damaged and the item inside was scratched.,0
Very disappointed with this product. Not as described.,0
Horrible experience from start to finish. Never again.,0
Perfect fit and great material. Exceeded expectations.,1
"Poor quality material, feels very cheap and flimsy.",0
"Super happy with my purchase, thank you so much!",1
"Completely useless product, don't waste your time.",0
Great quality and fast shipping. Very satisfied.,1
I've tried many similar products but this one is the best.,1
Best purchase I've made this year. Highly recommend!,1
I would give zero stars if I could. Avoid this seller.,0
Cheaply made junk. Falls apart immediately.,0
Works exactly as described. No complaints at all.,1
"The quality is awful, I regret buying this.",0
"Incredible product, works like a charm every time.",1
Pleasantly surprised by the quality at this price point.,1
"So glad I bought this, it makes my life easier.",1
Regret this purchase entirely. Wish I could return it.,0
Smooth transaction and the product is just wonderful.,1
Outstanding performance and great value for money.,1
Product malfunctioned on the first use. Very frustrating.,0
Very well made and durable. Worth every penny.,1
The item arrived damaged and customer support was unhelpful.,0
Arrived late and broken. Worst online shopping experience.,0
